{"inputUnits":[34],"outputUnits":2,"inputs":{"0":{"dtype":"number","min":183.8660307469656,"max":518.4360084756772},"1":{"dtype":"number","min":-87.3990879467821,"max":50.17963312755086},"2":{"dtype":"number","min":180.2829332704897,"max":531.8946068003396},"3":{"dtype":"number","min":-83.74576947842425,"max":48.77398336607578},"4":{"dtype":"number","min":181.0099547090586,"max":513.0389416194566},"5":{"dtype":"number","min":-82.15847097177488,"max":45.426658347800924},"6":{"dtype":"number","min":207.49356810809576,"max":541.6175256323861},"7":{"dtype":"number","min":-81.6048183032179,"max":86.3408763506259},"8":{"dtype":"number","min":186.46368669952332,"max":492.1752989175956},"9":{"dtype":"number","min":-80.95290371781437,"max":91.14972149884258},"10":{"dtype":"number","min":217.12243985479105,"max":510.46874940511543},"11":{"dtype":"number","min":-106.52009900782772,"max":75.3139012505901},"12":{"dtype":"number","min":207.2580556888097,"max":467.55364550019794},"13":{"dtype":"number","min":-100.40949235882675,"max":70.17667655126857},"14":{"dtype":"number","min":180.65420481661374,"max":534.8788960774739},"15":{"dtype":"number","min":-62.87492599636026,"max":189.86176013017024},"16":{"dtype":"number","min":178.8598055774473,"max":520.3250782392178},"17":{"dtype":"number","min":-40.55801112749423,"max":166.07974641736718},"18":{"dtype":"number","min":181.92569665741502,"max":571.2815146046539},"19":{"dtype":"number","min":11.441922847755237,"max":272.52994054009804},"20":{"dtype":"number","min":181.88719409251073,"max":569.9409172548885},"21":{"dtype":"number","min":-38.849390338503596,"max":280.1002951579252},"22":{"dtype":"number","min":229.72724899678667,"max":493.66301300465244},"23":{"dtype":"number","min":-13.199856704206269,"max":320.1762619167276},"24":{"dtype":"number","min":234.72506933974475,"max":449.9967953568546},"25":{"dtype":"number","min":-59.70274183485243,"max":334.9735228778326},"26":{"dtype":"number","min":208.3436914633589,"max":530.6018292462384},"27":{"dtype":"number","min":102.00590985095522,"max":528.4970824481451},"28":{"dtype":"number","min":218.0870659960176,"max":477.16045610156436},"29":{"dtype":"number","min":0.1296110692312311,"max":530.0256752177753},"30":{"dtype":"number","min":206.72644304717957,"max":546.0061282628228},"31":{"dtype":"number","min":190.67871688634563,"max":557.4744214509662},"32":{"dtype":"number","min":197.67437970196758,"max":483.06290713899546},"33":{"dtype":"number","min":90.22645946599354,"max":557.3366406832987}},"outputs":{"0":{"dtype":"string","min":0,"max":1,"uniqueValues":["j","n"],"legend":{"j":[1,0],"n":[0,1]}}},"isNormalized":true}