{"inputUnits":[34],"outputUnits":6,"inputs":{"0":{"dtype":"number","min":130.53482144896748,"max":497.26269876283044},"1":{"dtype":"number","min":36.600998846875754,"max":209.2759433917367},"2":{"dtype":"number","min":143.8971524303652,"max":508.21459734881364},"3":{"dtype":"number","min":22.144556473105496,"max":199.03456258494953},"4":{"dtype":"number","min":118.80326901262963,"max":484.7995239019858},"5":{"dtype":"number","min":21.848101402119113,"max":196.80234615333364},"6":{"dtype":"number","min":161.50208813405175,"max":523.0672129134686},"7":{"dtype":"number","min":37.10585982711227,"max":206.72246207967834},"8":{"dtype":"number","min":103.06234675773635,"max":465.3396136486507},"9":{"dtype":"number","min":30.184505232128714,"max":199.93826894035112},"10":{"dtype":"number","min":197.75938513683295,"max":551.8726276003594},"11":{"dtype":"number","min":124.87233182375425,"max":274.0093072069551},"12":{"dtype":"number","min":71.12869530393365,"max":432.45442172937226},"13":{"dtype":"number","min":134.30891308403386,"max":267.7563601488258},"14":{"dtype":"number","min":267.42114626640927,"max":578.1760761937667},"15":{"dtype":"number","min":150.85310729623538,"max":355.28015017741836},"16":{"dtype":"number","min":51.27762405960648,"max":391.96799473455775},"17":{"dtype":"number","min":174.0423857631274,"max":369.2548654418707},"18":{"dtype":"number","min":218.36913653516862,"max":601.3742930986728},"19":{"dtype":"number","min":118.47847713596872,"max":439.2248528835602},"20":{"dtype":"number","min":30.956267418220026,"max":383.2113828900729},"21":{"dtype":"number","min":137.81018470927754,"max":447.75178667629905},"22":{"dtype":"number","min":170.41303132709703,"max":543.7817855745728},"23":{"dtype":"number","min":338.4649924413967,"max":462.39616527891997},"24":{"dtype":"number","min":100.38781952439692,"max":468.1490940146046},"25":{"dtype":"number","min":337.35757258900423,"max":463.45815320228735},"26":{"dtype":"number","min":136.8247569420649,"max":572.7086087648863},"27":{"dtype":"number","min":446.0629320051702,"max":551.5573066577576},"28":{"dtype":"number","min":82.23488999156692,"max":491.3346639711257},"29":{"dtype":"number","min":466.73959891930883,"max":554.2202987819619},"30":{"dtype":"number","min":134.5658669276544,"max":563.0903057373522},"31":{"dtype":"number","min":535.1137788114492,"max":559.5058371263173},"32":{"dtype":"number","min":93.87216370937652,"max":497.095542149237},"33":{"dtype":"number","min":550.6549809922484,"max":559.5930024383129}},"outputs":{"0":{"dtype":"string","min":0,"max":1,"uniqueValues":["l","r","u","d","m","p"],"legend":{"l":[1,0,0,0,0,0],"r":[0,1,0,0,0,0],"u":[0,0,1,0,0,0],"d":[0,0,0,1,0,0],"m":[0,0,0,0,1,0],"p":[0,0,0,0,0,1]}}},"isNormalized":true}